Repository,Branch,Commit Id,Commit Message,Commit Message Body,Commited on (Date),Author
report-friotrack,feature/tb1-report-corrections,f464354a8be8a8599aff78046737dbf35d4debc0,docs(history): preserve AV1 sources and exclude local artifacts,Archive the inherited AV1 chapter III and retain earlier source snapshots while excluding private configuration and generated workspace files.,2026-10-07T19:32:14-05:00,Alexander Sebastián Atauje Barreto
report-friotrack,feature/tb1-report-corrections,77339d1d1ddff1cc9fa9163469339afee815b893,docs(requirements): reconcile TB1 research scope and backlog,"Align target segments, interview instruments, canonical stories and sprint criteria with the statement and teacher feedback. Keep unperformed research and team decisions pending.",2026-10-07T19:32:14-05:00,Alexander Sebastián Atauje Barreto
report-friotrack,feature/tb1-report-corrections,8a1762e73bfe8041a875d54e7faa8512ca8150db,docs(architecture): align frontend and planned backend designs,Document the Vue frontend and planned ASP.NET Core domain model with editable diagrams. Preserve historical assets and distinguish design from executable backend functionality.,2026-10-07T19:32:15-05:00,Alexander Sebastián Atauje Barreto
report-friotrack,feature/tb1-report-corrections,a581e2b2eaceed9a36b95582239fc453f8415191,docs(tb1): add implementation evidence and delivery guidance,"Document the local frontend, landing corrections, observed checks and delivery artifacts. Keep cloud hosting, interviews and group evidence explicitly pending.",2026-10-07T19:32:49-05:00,Alexander Sebastián Atauje Barreto
report-friotrack,feature/tb1-report-corrections,d136e48ec32fd061c6cd2226a4682d4f33dc3c9a,docs(tb1): record verified GitHub integration and export evidence,"Record the published feature branches, actual commit metadata and draft pull requests after they exist. Verify the regenerated report export and keep team research, reviews and AWS or Azure hosting pending.",2026-10-07T21:05:15-05:00,Alexander Sebastián Atauje Barreto
friotrack-landing,feature/tb1-landing-corrections,e1c0d416fe18283e5b4938b5d621be0b81025624,fix(landing): align bilingual entry and contact workflows,"Default new visitors to English, route role CTAs to the local Vue sample and preserve failed contact requests. Add the supplied team photos without claiming message delivery or a new deployment.",2026-10-07T19:32:49-05:00,Alexander Sebastián Atauje Barreto
friotrack-landing,feature/tb1-landing-corrections,7c7a4ea2badd215e4749dc85e7938d9bd8ab07b2,docs(landing): document TB1 source integration and limits,"Explain standalone frontend setup, centralized configuration and actual contact behavior. Preserve the historical Pages reference and document the pending AWS or Azure deployment.",2026-10-07T19:32:50-05:00,Alexander Sebastián Atauje Barreto
friotrack-frontend,feature/tb1-frontend-application,47de7fabc006d426ce94e4a1df788c6deb4aa773,chore(project): configure standalone Vue frontend tooling,"Configure Vue, PrimeVue and Vite with the dependency lockfile, portable environment example and exclusions for dependencies, builds and private settings.",2026-10-07T19:32:50-05:00,Alexander Sebastián Atauje Barreto
friotrack-frontend,feature/tb1-frontend-application,473d5c1b04c405d96f0ed4dcd06bb56475a9f252,feat(operations): add TB1 sample shipment workspace,"Implement local shipment planning, lifecycle, monitoring, fleet, client views and bilingual navigation. Include domain tests for ownership, resource allocation and lifecycle invariants; the adapter remains a local sample.",2026-10-07T19:33:08-05:00,Alexander Sebastián Atauje Barreto
friotrack-frontend,feature/tb1-frontend-application,eeac3703f79d1a5c087fcb6e51c7da8ebe117b3b,docs(frontend): document setup validation and cloud limits,"Describe portable setup, the verified standalone build and domain tests, sample-data behavior and known constraints. Keep real authentication, backend integration and AWS or Azure hosting pending.",2026-10-07T19:33:08-05:00,Alexander Sebastián Atauje Barreto
friotrack-api,feature/av2-api-design,05d95306d58e41c09c96313aa760c659ce6f5e10,docs(api): prepare AV2 scope and domain design,"Document the planned ASP.NET Core, C# and EF Core service with the existing editable domain designs. No executable API, database, endpoints, authentication, migrations or passing API tests are claimed.",2026-10-07T19:33:09-05:00,Alexander Sebastián Atauje Barreto
